姓名/Full Name,手机号/mobile Num,
test045200,13204520018,
test045201,13204520118,
test045202,13204520218,
test045203,13204520318,
test045204,13204520418,
test045205,13204520518,
test045206,13204520618,
test045207,13204520718,
test045208,13204520818,
test045209,13204520918,
test045210,13204521018,
test045211,13204521118,
test045212,13204521218,
test045213,13204521318,
test045214,13204521418,
test045215,13204521518,
test045216,13204521618,
test045217,13204521718,
test045218,13204521818,
test045219,13204521918,
test045220,13204522018,
test045221,13204522118,
test045222,13204522218,
test045223,13204522318,
test045224,13204522418,
test045225,13204522518,
test045226,13204522618,
test045227,13204522718,
test045228,13204522818,
test045229,13204522918,
test045230,13204523018,
test045231,13204523118,
test045232,13204523218,
test045233,13204523318,
test045234,13204523418,
test045235,13204523518,
test045236,13204523618,
test045237,13204523718,
test045238,13204523818,
test045239,13204523918,
test045240,13204524018,
test045241,13204524118,
test045242,13204524218,
test045243,13204524318,
test045244,13204524418,
test045245,13204524518,
test045246,13204524618,
test045247,13204524718,
test045248,13204524818,
test045249,13204524918,
test045250,13204525018,
test045251,13204525118,
test045252,13204525218,
test045253,13204525318,
test045254,13204525418,
test045255,13204525518,
test045256,13204525618,
test045257,13204525718,
test045258,13204525818,
test045259,13204525918,
test045260,13204526018,
test045261,13204526118,
test045262,13204526218,
test045263,13204526318,
test045264,13204526418,
test045265,13204526518,
test045266,13204526618,
test045267,13204526718,
test045268,13204526818,
test045269,13204526918,
test045270,13204527018,
test045271,13204527118,
test045272,13204527218,
test045273,13204527318,
test045274,13204527418,
test045275,13204527518,
test045276,13204527618,
test045277,13204527718,
test045278,13204527818,
test045279,13204527918,
test045280,13204528018,
test045281,13204528118,
test045282,13204528218,
test045283,13204528318,
test045284,13204528418,
test045285,13204528518,
test045286,13204528618,
test045287,13204528718,
test045288,13204528818,
test045289,13204528918,
test045290,13204529018,
test045291,13204529118,
test045292,13204529218,
test045293,13204529318,
test045294,13204529418,
test045295,13204529518,
test045296,13204529618,
test045297,13204529718,
test045298,13204529818,
test045299,13204529918,
test065000,13206500018,
test065001,13206500118,
test065002,13206500218,
test065003,13206500318,
test065004,13206500418,
test065005,13206500518,
test065006,13206500618,
test065007,13206500718,
test065008,13206500818,
test065009,13206500918,
test065010,13206501018,
test065011,13206501118,
test065012,13206501218,
test065013,13206501318,
test065014,13206501418,
test065015,13206501518,
test065016,13206501618,
test065017,13206501718,
test065018,13206501818,
test065019,13206501918,
test065020,13206502018,
test065021,13206502118,
test065022,13206502218,
test065023,13206502318,
test065024,13206502418,
test065025,13206502518,
test065026,13206502618,
test065027,13206502718,
test065028,13206502818,
test065029,13206502918,
test065030,13206503018,
test065031,13206503118,
test065032,13206503218,
test065033,13206503318,
test065034,13206503418,
test065035,13206503518,
test065036,13206503618,
test065037,13206503718,
test065038,13206503818,
test065039,13206503918,
test065040,13206504018,
test065041,13206504118,
test065042,13206504218,
test065043,13206504318,
test065044,13206504418,
test065045,13206504518,
test065046,13206504618,
test065047,13206504718,
test065048,13206504818,
test065049,13206504918,
test065050,13206505018,
test065051,13206505118,
test065052,13206505218,
test065053,13206505318,
test065054,13206505418,
test065055,13206505518,
test065056,13206505618,
test065057,13206505718,
test065058,13206505818,
test065059,13206505918,
test065060,13206506018,
test065061,13206506118,
test065062,13206506218,
test065063,13206506318,
test065064,13206506418,
test065065,13206506518,
test065066,13206506618,
test065067,13206506718,
test065068,13206506818,
test065069,13206506918,
test065070,13206507018,
test065071,13206507118,
test065072,13206507218,
test065073,13206507318,
test065074,13206507418,
test065075,13206507518,
test065076,13206507618,
test065077,13206507718,
test065078,13206507818,
test065079,13206507918,
test065080,13206508018,
test065081,13206508118,
test065082,13206508218,
test065083,13206508318,
test065084,13206508418,
test065085,13206508518,
test065086,13206508618,
test065087,13206508718,
test065088,13206508818,
test065089,13206508918,
test065090,13206509018,
test065091,13206509118,
test065092,13206509218,
test065093,13206509318,
test065094,13206509418,
test065095,13206509518,
test065096,13206509618,
test065097,13206509718,
test065098,13206509818,
test065099,13206509918,
test065100,13206510018,
test065101,13206510118,
test065102,13206510218,
test065103,13206510318,
test065104,13206510418,
test065105,13206510518,
test065106,13206510618,
test065107,13206510718,
test065108,13206510818,
test065109,13206510918,
test065110,13206511018,
test065111,13206511118,
test065112,13206511218,
test065113,13206511318,
test065114,13206511418,
test065115,13206511518,
test065116,13206511618,
test065117,13206511718,
test065118,13206511818,
test065119,13206511918,
test065120,13206512018,
test065121,13206512118,
test065122,13206512218,
test065123,13206512318,
test065124,13206512418,
test065125,13206512518,
test065126,13206512618,
test065127,13206512718,
test065128,13206512818,
test065129,13206512918,
test065130,13206513018,
test065131,13206513118,
test065132,13206513218,
test065133,13206513318,
test065134,13206513418,
test065135,13206513518,
test065136,13206513618,
test065137,13206513718,
test065138,13206513818,
test065139,13206513918,
test065140,13206514018,
test065141,13206514118,
test065142,13206514218,
test065143,13206514318,
test065144,13206514418,
test065145,13206514518,
test065146,13206514618,
test065147,13206514718,
test065148,13206514818,
test065149,13206514918,
test065150,13206515018,
test065151,13206515118,
test065152,13206515218,
test065153,13206515318,
test065154,13206515418,
test065155,13206515518,
test065156,13206515618,
test065157,13206515718,
test065158,13206515818,
test065159,13206515918,
test065160,13206516018,
test065161,13206516118,
test065162,13206516218,
test065163,13206516318,
test065164,13206516418,
test065165,13206516518,
test065166,13206516618,
test065167,13206516718,
test065168,13206516818,
test065169,13206516918,
test065170,13206517018,
test065171,13206517118,
test065172,13206517218,
test065173,13206517318,
test065174,13206517418,
test065175,13206517518,
test065176,13206517618,
test065177,13206517718,
test065178,13206517818,
test065179,13206517918,
test065180,13206518018,
test065181,13206518118,
test065182,13206518218,
test065183,13206518318,
test065184,13206518418,
test065185,13206518518,
test065186,13206518618,
test065187,13206518718,
test065188,13206518818,
test065189,13206518918,
test065190,13206519018,
test065191,13206519118,
test065192,13206519218,
test065193,13206519318,
test065194,13206519418,
test065195,13206519518,
test065196,13206519618,
test065197,13206519718,
test065198,13206519818,
test065199,13206519918,
test066000,13206600018,
test066001,13206600118,
test066002,13206600218,
test066003,13206600318,
test066004,13206600418,
test066005,13206600518,
test066006,13206600618,
test066007,13206600718,
test066008,13206600818,
test066009,13206600918,
test066010,13206601018,
test066011,13206601118,
test066012,13206601218,
test066013,13206601318,
test066014,13206601418,
test066015,13206601518,
test066016,13206601618,
test066017,13206601718,
test066018,13206601818,
test066019,13206601918,
test066020,13206602018,
test066021,13206602118,
test066022,13206602218,
test066023,13206602318,
test066024,13206602418,
test066025,13206602518,
test066026,13206602618,
test066027,13206602718,
test066028,13206602818,
test066029,13206602918,
test066030,13206603018,
test066031,13206603118,
test066032,13206603218,
test066033,13206603318,
test066034,13206603418,
test066035,13206603518,
test066036,13206603618,
test066037,13206603718,
test066038,13206603818,
test066039,13206603918,
test066040,13206604018,
test066041,13206604118,
test066042,13206604218,
test066043,13206604318,
test066044,13206604418,
test066045,13206604518,
test066046,13206604618,
test066047,13206604718,
test066048,13206604818,
test066049,13206604918,
test066050,13206605018,
test066051,13206605118,
test066052,13206605218,
test066053,13206605318,
test066054,13206605418,
test066055,13206605518,
test066056,13206605618,
test066057,13206605718,
test066058,13206605818,
test066059,13206605918,
test066060,13206606018,
test066061,13206606118,
test066062,13206606218,
test066063,13206606318,
test066064,13206606418,
test066065,13206606518,
test066066,13206606618,
test066067,13206606718,
test066068,13206606818,
test066069,13206606918,
test066070,13206607018,
test066071,13206607118,
test066072,13206607218,
test066073,13206607318,
test066074,13206607418,
test066075,13206607518,
test066076,13206607618,
test066077,13206607718,
test066078,13206607818,
test066079,13206607918,
test066080,13206608018,
test066081,13206608118,
test066082,13206608218,
test066083,13206608318,
test066084,13206608418,
test066085,13206608518,
test066086,13206608618,
test066087,13206608718,
test066088,13206608818,
test066089,13206608918,
test066090,13206609018,
test066091,13206609118,
test066092,13206609218,
test066093,13206609318,
test066094,13206609418,
test066095,13206609518,
test066096,13206609618,
test066097,13206609718,
test066098,13206609818,
test066099,13206609918,
test066100,13206610018,
test066101,13206610118,
test066102,13206610218,
test066103,13206610318,
test066104,13206610418,
test066105,13206610518,
test066106,13206610618,
test066107,13206610718,
test066108,13206610818,
test066109,13206610918,
test066110,13206611018,
test066111,13206611118,
test066112,13206611218,
test066113,13206611318,
test066114,13206611418,
test066115,13206611518,
test066116,13206611618,
test066117,13206611718,
test066118,13206611818,
test066119,13206611918,
test066120,13206612018,
test066121,13206612118,
test066122,13206612218,
test066123,13206612318,
test066124,13206612418,
test066125,13206612518,
test066126,13206612618,
test066127,13206612718,
test066128,13206612818,
test066129,13206612918,
test066130,13206613018,
test066131,13206613118,
test066132,13206613218,
test066133,13206613318,
test066134,13206613418,
test066135,13206613518,
test066136,13206613618,
test066137,13206613718,
test066138,13206613818,
test066139,13206613918,
test066140,13206614018,
test066141,13206614118,
test066142,13206614218,
test066143,13206614318,
test066144,13206614418,
test066145,13206614518,
test066146,13206614618,
test066147,13206614718,
test066148,13206614818,
test066149,13206614918,
test066150,13206615018,
test066151,13206615118,
test066152,13206615218,
test066153,13206615318,
test066154,13206615418,
test066155,13206615518,
test066156,13206615618,
test066157,13206615718,
test066158,13206615818,
test066159,13206615918,
test066160,13206616018,
test066161,13206616118,
test066162,13206616218,
test066163,13206616318,
test066164,13206616418,
test066165,13206616518,
test066166,13206616618,
test066167,13206616718,
test066168,13206616818,
test066169,13206616918,
test066170,13206617018,
test066171,13206617118,
test066172,13206617218,
test066173,13206617318,
test066174,13206617418,
test066175,13206617518,
test066176,13206617618,
test066177,13206617718,
test066178,13206617818,
test066179,13206617918,
test066180,13206618018,
test066181,13206618118,
test066182,13206618218,
test066183,13206618318,
test066184,13206618418,
test066185,13206618518,
test066186,13206618618,
test066187,13206618718,
test066188,13206618818,
test066189,13206618918,
test066190,13206619018,
test066191,13206619118,
test066192,13206619218,
test066193,13206619318,
test066194,13206619418,
test066195,13206619518,
test066196,13206619618,
test066197,13206619718,
test066198,13206619818,
test066199,13206619918,
test066200,13206620018,
test066201,13206620118,
test066202,13206620218,
test066203,13206620318,
test066204,13206620418,
test066205,13206620518,
test066206,13206620618,
test066207,13206620718,
test066208,13206620818,
test066209,13206620918,
test066210,13206621018,
test066211,13206621118,
test066212,13206621218,
test066213,13206621318,
test066214,13206621418,
test066215,13206621518,
test066216,13206621618,
test066217,13206621718,
test066218,13206621818,
test066219,13206621918,
test066220,13206622018,
test066221,13206622118,
test066222,13206622218,
test066223,13206622318,
test066224,13206622418,
test066225,13206622518,
test066226,13206622618,
test066227,13206622718,
test066228,13206622818,
test066229,13206622918,
test066230,13206623018,
test066231,13206623118,
test066232,13206623218,
test066233,13206623318,
test066234,13206623418,
test066235,13206623518,
test066236,13206623618,
test066237,13206623718,
test066238,13206623818,
test066239,13206623918,
test066240,13206624018,
test066241,13206624118,
test066242,13206624218,
test066243,13206624318,
test066244,13206624418,
test066245,13206624518,
test066246,13206624618,
test066247,13206624718,
test066248,13206624818,
test066249,13206624918,
test066250,13206625018,
test066251,13206625118,
test066252,13206625218,
test066253,13206625318,
test066254,13206625418,
test066255,13206625518,
test066256,13206625618,
test066257,13206625718,
test066258,13206625818,
test066259,13206625918,
test066260,13206626018,
test066261,13206626118,
test066262,13206626218,
test066263,13206626318,
test066264,13206626418,
test066265,13206626518,
test066266,13206626618,
test066267,13206626718,
test066268,13206626818,
test066269,13206626918,
test066270,13206627018,
test066271,13206627118,
test066272,13206627218,
test066273,13206627318,
test066274,13206627418,
test066275,13206627518,
test066276,13206627618,
test066277,13206627718,
test066278,13206627818,
test066279,13206627918,
test066280,13206628018,
test066281,13206628118,
test066282,13206628218,
test066283,13206628318,
test066284,13206628418,
test066285,13206628518,
test066286,13206628618,
test066287,13206628718,
test066288,13206628818,
test066289,13206628918,
test066290,13206629018,
test066291,13206629118,
test066292,13206629218,
test066293,13206629318,
test066294,13206629418,
test066295,13206629518,
test066296,13206629618,
test066297,13206629718,
test066298,13206629818,
test066299,13206629918,
test066300,13206630018,
test066301,13206630118,
test066302,13206630218,
test066303,13206630318,
test066304,13206630418,
test066305,13206630518,
test066306,13206630618,
test066307,13206630718,
test066308,13206630818,
test066309,13206630918,
test066310,13206631018,
test066311,13206631118,
test066312,13206631218,
test066313,13206631318,
test066314,13206631418,
test066315,13206631518,
test066316,13206631618,
test066317,13206631718,
test066318,13206631818,
test066319,13206631918,
test066320,13206632018,
test066321,13206632118,
test066322,13206632218,
test066323,13206632318,
test066324,13206632418,
test066325,13206632518,
test066326,13206632618,
test066327,13206632718,
test066328,13206632818,
test066329,13206632918,
test066330,13206633018,
test066331,13206633118,
test066332,13206633218,
test066333,13206633318,
test066334,13206633418,
test066335,13206633518,
test066336,13206633618,
test066337,13206633718,
test066338,13206633818,
test066339,13206633918,
test066340,13206634018,
test066341,13206634118,
test066342,13206634218,
test066343,13206634318,
test066344,13206634418,
test066345,13206634518,
test066346,13206634618,
test066347,13206634718,
test066348,13206634818,
test066349,13206634918,
test066350,13206635018,
test066351,13206635118,
test066352,13206635218,
test066353,13206635318,
test066354,13206635418,
test066355,13206635518,
test066356,13206635618,
test066357,13206635718,
test066358,13206635818,
test066359,13206635918,
test066360,13206636018,
test066361,13206636118,
test066362,13206636218,
test066363,13206636318,
test066364,13206636418,
test066365,13206636518,
test066366,13206636618,
test066367,13206636718,
test066368,13206636818,
test066369,13206636918,
test066370,13206637018,
test066371,13206637118,
test066372,13206637218,
test066373,13206637318,
test066374,13206637418,
test066375,13206637518,
test066376,13206637618,
test066377,13206637718,
test066378,13206637818,
test066379,13206637918,
test066380,13206638018,
test066381,13206638118,
test066382,13206638218,
test066383,13206638318,
test066384,13206638418,
test066385,13206638518,
test066386,13206638618,
test066387,13206638718,
test066388,13206638818,
test066389,13206638918,
test066390,13206639018,
test066391,13206639118,
test066392,13206639218,
test066393,13206639318,
test066394,13206639418,
test066395,13206639518,
test066396,13206639618,
test066397,13206639718,
test066398,13206639818,
test066399,13206639918,
test067200,13206720018,
test067201,13206720118,
test067202,13206720218,
test067203,13206720318,
test067204,13206720418,
test067205,13206720518,
test067206,13206720618,
test067207,13206720718,
test067208,13206720818,
test067209,13206720918,
test067210,13206721018,
test067211,13206721118,
test067212,13206721218,
test067213,13206721318,
test067214,13206721418,
test067215,13206721518,
test067216,13206721618,
test067217,13206721718,
test067218,13206721818,
test067219,13206721918,
test067220,13206722018,
test067221,13206722118,
test067222,13206722218,
test067223,13206722318,
test067224,13206722418,
test067225,13206722518,
test067226,13206722618,
test067227,13206722718,
test067228,13206722818,
test067229,13206722918,
test067230,13206723018,
test067231,13206723118,
test067232,13206723218,
test067233,13206723318,
test067234,13206723418,
test067235,13206723518,
test067236,13206723618,
test067237,13206723718,
test067238,13206723818,
test067239,13206723918,
test067240,13206724018,
test067241,13206724118,
test067242,13206724218,
test067243,13206724318,
test067244,13206724418,
test067245,13206724518,
test067246,13206724618,
test067247,13206724718,
test067248,13206724818,
test067249,13206724918,
test067250,13206725018,
test067251,13206725118,
test067252,13206725218,
test067253,13206725318,
test067254,13206725418,
test067255,13206725518,
test067256,13206725618,
test067257,13206725718,
test067258,13206725818,
test067259,13206725918,
test067260,13206726018,
test067261,13206726118,
test067262,13206726218,
test067263,13206726318,
test067264,13206726418,
test067265,13206726518,
test067266,13206726618,
test067267,13206726718,
test067268,13206726818,
test067269,13206726918,
test067270,13206727018,
test067271,13206727118,
test067272,13206727218,
test067273,13206727318,
test067274,13206727418,
test067275,13206727518,
test067276,13206727618,
test067277,13206727718,
test067278,13206727818,
test067279,13206727918,
test067280,13206728018,
test067281,13206728118,
test067282,13206728218,
test067283,13206728318,
test067284,13206728418,
test067285,13206728518,
test067286,13206728618,
test067287,13206728718,
test067288,13206728818,
test067289,13206728918,
test067290,13206729018,
test067291,13206729118,
test067292,13206729218,
test067293,13206729318,
test067294,13206729418,
test067295,13206729518,
test067296,13206729618,
test067297,13206729718,
test067298,13206729818,
test067299,13206729918,
test067300,13206730018,
test067301,13206730118,
test067302,13206730218,
test067303,13206730318,
test067304,13206730418,
test067305,13206730518,
test067306,13206730618,
test067307,13206730718,
test067308,13206730818,
test067309,13206730918,
test067310,13206731018,
test067311,13206731118,
test067312,13206731218,
test067313,13206731318,
test067314,13206731418,
test067315,13206731518,
test067316,13206731618,
test067317,13206731718,
test067318,13206731818,
test067319,13206731918,
test067320,13206732018,
test067321,13206732118,
test067322,13206732218,
test067323,13206732318,
test067324,13206732418,
test067325,13206732518,
test067326,13206732618,
test067327,13206732718,
test067328,13206732818,
test067329,13206732918,
test067330,13206733018,
test067331,13206733118,
test067332,13206733218,
test067333,13206733318,
test067334,13206733418,
test067335,13206733518,
test067336,13206733618,
test067337,13206733718,
test067338,13206733818,
test067339,13206733918,
test067340,13206734018,
test067341,13206734118,
test067342,13206734218,
test067343,13206734318,
test067344,13206734418,
test067345,13206734518,
test067346,13206734618,
test067347,13206734718,
test067348,13206734818,
test067349,13206734918,
test067350,13206735018,
test067351,13206735118,
test067352,13206735218,
test067353,13206735318,
test067354,13206735418,
test067355,13206735518,
test067356,13206735618,
test067357,13206735718,
test067358,13206735818,
test067359,13206735918,
test067360,13206736018,
test067361,13206736118,
test067362,13206736218,
test067363,13206736318,
test067364,13206736418,
test067365,13206736518,
test067366,13206736618,
test067367,13206736718,
test067368,13206736818,
test067369,13206736918,
test067370,13206737018,
test067371,13206737118,
test067372,13206737218,
test067373,13206737318,
test067374,13206737418,
test067375,13206737518,
test067376,13206737618,
test067377,13206737718,
test067378,13206737818,
test067379,13206737918,
test067380,13206738018,
test067381,13206738118,
test067382,13206738218,
test067383,13206738318,
test067384,13206738418,
test067385,13206738518,
test067386,13206738618,
test067387,13206738718,
test067388,13206738818,
test067389,13206738918,
test067390,13206739018,
test067391,13206739118,
test067392,13206739218,
test067393,13206739318,
test067394,13206739418,
test067395,13206739518,
test067396,13206739618,
test067397,13206739718,
test067398,13206739818,
test067399,13206739918,
test128200,13212820018,
test128201,13212820118,
test128202,13212820218,
test128203,13212820318,
test128204,13212820418,
test128205,13212820518,
test128206,13212820618,
test128207,13212820718,
test128208,13212820818,
test128209,13212820918,
test128210,13212821018,
test128211,13212821118,
test128212,13212821218,
test128213,13212821318,
test128214,13212821418,
test128215,13212821518,
test128216,13212821618,
test128217,13212821718,
test128218,13212821818,
test128219,13212821918,
test128220,13212822018,
test128221,13212822118,
test128222,13212822218,
test128223,13212822318,
test128224,13212822418,
test128225,13212822518,
test128226,13212822618,
test128227,13212822718,
test128228,13212822818,
test128229,13212822918,
test128230,13212823018,
test128231,13212823118,
test128232,13212823218,
test128233,13212823318,
test128234,13212823418,
test128235,13212823518,
test128236,13212823618,
test128237,13212823718,
test128238,13212823818,
test128239,13212823918,
test128240,13212824018,
test128241,13212824118,
test128242,13212824218,
test128243,13212824318,
test128244,13212824418,
test128245,13212824518,
test128246,13212824618,
test128247,13212824718,
test128248,13212824818,
test128249,13212824918,
test128250,13212825018,
test128251,13212825118,
test128252,13212825218,
test128253,13212825318,
test128254,13212825418,
test128255,13212825518,
test128256,13212825618,
test128257,13212825718,
test128258,13212825818,
test128259,13212825918,
test128260,13212826018,
test128261,13212826118,
test128262,13212826218,
test128263,13212826318,
test128264,13212826418,
test128265,13212826518,
test128266,13212826618,
test128267,13212826718,
test128268,13212826818,
test128269,13212826918,
test128270,13212827018,
test128271,13212827118,
test128272,13212827218,
test128273,13212827318,
test128274,13212827418,
test128275,13212827518,
test128276,13212827618,
test128277,13212827718,
test128278,13212827818,
test128279,13212827918,
test128280,13212828018,
test128281,13212828118,
test128282,13212828218,
test128283,13212828318,
test128284,13212828418,
test128285,13212828518,
test128286,13212828618,
test128287,13212828718,
test128288,13212828818,
test128289,13212828918,
test128290,13212829018,
test128291,13212829118,
test128292,13212829218,
test128293,13212829318,
test128294,13212829418,
test128295,13212829518,
test128296,13212829618,
test128297,13212829718,
test128298,13212829818,
test128299,13212829918,
test129500,13212950018,
test129501,13212950118,
test129502,13212950218,
test129503,13212950318,
test129504,13212950418,
test129505,13212950518,
test129506,13212950618,
test129507,13212950718,
test129508,13212950818,
test129509,13212950918,
test129510,13212951018,
test129511,13212951118,
test129512,13212951218,
test129513,13212951318,
test129514,13212951418,
test129515,13212951518,
test129516,13212951618,
test129517,13212951718,
test129518,13212951818,
test129519,13212951918,
test129520,13212952018,
test129521,13212952118,
test129522,13212952218,
test129523,13212952318,
test129524,13212952418,
test129525,13212952518,
test129526,13212952618,
test129527,13212952718,
test129528,13212952818,
test129529,13212952918,
test129530,13212953018,
test129531,13212953118,
test129532,13212953218,
test129533,13212953318,
test129534,13212953418,
test129535,13212953518,
test129536,13212953618,
test129537,13212953718,
test129538,13212953818,
test129539,13212953918,
test129540,13212954018,
test129541,13212954118,
test129542,13212954218,
test129543,13212954318,
test129544,13212954418,
test129545,13212954518,
test129546,13212954618,
test129547,13212954718,
test129548,13212954818,
test129549,13212954918,
test129550,13212955018,
test129551,13212955118,
test129552,13212955218,
test129553,13212955318,
test129554,13212955418,
test129555,13212955518,
test129556,13212955618,
test129557,13212955718,
test129558,13212955818,
test129559,13212955918,
test129560,13212956018,
test129561,13212956118,
test129562,13212956218,
test129563,13212956318,
test129564,13212956418,
test129565,13212956518,
test129566,13212956618,
test129567,13212956718,
test129568,13212956818,
test129569,13212956918,
test129570,13212957018,
test129571,13212957118,
test129572,13212957218,
test129573,13212957318,
test129574,13212957418,
test129575,13212957518,
test129576,13212957618,
test129577,13212957718,
test129578,13212957818,
test129579,13212957918,
test129580,13212958018,
test129581,13212958118,
test129582,13212958218,
test129583,13212958318,
test129584,13212958418,
test129585,13212958518,
test129586,13212958618,
test129587,13212958718,
test129588,13212958818,
test129589,13212958918,
test129590,13212959018,
test129591,13212959118,
test129592,13212959218,
test129593,13212959318,
test129594,13212959418,
test129595,13212959518,
test129596,13212959618,
test129597,13212959718,
test129598,13212959818,
test129599,13212959918,
test129600,13212960018,
test129601,13212960118,
test129602,13212960218,
test129603,13212960318,
test129604,13212960418,
test129605,13212960518,
test129606,13212960618,
test129607,13212960718,
test129608,13212960818,
test129609,13212960918,
test129610,13212961018,
test129611,13212961118,
test129612,13212961218,
test129613,13212961318,
test129614,13212961418,
test129615,13212961518,
test129616,13212961618,
test129617,13212961718,
test129618,13212961818,
test129619,13212961918,
test129620,13212962018,
test129621,13212962118,
test129622,13212962218,
test129623,13212962318,
test129624,13212962418,
test129625,13212962518,
test129626,13212962618,
test129627,13212962718,
test129628,13212962818,
test129629,13212962918,
test129630,13212963018,
test129631,13212963118,
test129632,13212963218,
test129633,13212963318,
test129634,13212963418,
test129635,13212963518,
test129636,13212963618,
test129637,13212963718,
test129638,13212963818,
test129639,13212963918,
test129640,13212964018,
test129641,13212964118,
test129642,13212964218,
test129643,13212964318,
test129644,13212964418,
test129645,13212964518,
test129646,13212964618,
test129647,13212964718,
test129648,13212964818,
test129649,13212964918,
test129650,13212965018,
test129651,13212965118,
test129652,13212965218,
test129653,13212965318,
test129654,13212965418,
test129655,13212965518,
test129656,13212965618,
test129657,13212965718,
test129658,13212965818,
test129659,13212965918,
test129660,13212966018,
test129661,13212966118,
test129662,13212966218,
test129663,13212966318,
test129664,13212966418,
test129665,13212966518,
test129666,13212966618,
test129667,13212966718,
test129668,13212966818,
test129669,13212966918,
test129670,13212967018,
test129671,13212967118,
test129672,13212967218,
test129673,13212967318,
test129674,13212967418,
test129675,13212967518,
test129676,13212967618,
test129677,13212967718,
test129678,13212967818,
test129679,13212967918,
test129680,13212968018,
test129681,13212968118,
test129682,13212968218,
test129683,13212968318,
test129684,13212968418,
test129685,13212968518,
test129686,13212968618,
test129687,13212968718,
test129688,13212968818,
test129689,13212968918,
test129690,13212969018,
test129691,13212969118,
test129692,13212969218,
test129693,13212969318,
test129694,13212969418,
test129695,13212969518,
test129696,13212969618,
test129697,13212969718,
test129698,13212969818,
test129699,13212969918,
test145200,13214520018,
test145201,13214520118,
test145202,13214520218,
test145203,13214520318,
test145204,13214520418,
test145205,13214520518,
test145206,13214520618,
test145207,13214520718,
test145208,13214520818,
test145209,13214520918,
test145210,13214521018,
test145211,13214521118,
test145212,13214521218,
test145213,13214521318,
test145214,13214521418,
test145215,13214521518,
test145216,13214521618,
test145217,13214521718,
test145218,13214521818,
test145219,13214521918,
test145220,13214522018,
test145221,13214522118,
test145222,13214522218,
test145223,13214522318,
test145224,13214522418,
test145225,13214522518,
test145226,13214522618,
test145227,13214522718,
test145228,13214522818,
test145229,13214522918,
test145230,13214523018,
test145231,13214523118,
test145232,13214523218,
test145233,13214523318,
test145234,13214523418,
test145235,13214523518,
test145236,13214523618,
test145237,13214523718,
test145238,13214523818,
test145239,13214523918,
test145240,13214524018,
test145241,13214524118,
test145242,13214524218,
test145243,13214524318,
test145244,13214524418,
test145245,13214524518,
test145246,13214524618,
test145247,13214524718,
test145248,13214524818,
test145249,13214524918,
test145250,13214525018,
test145251,13214525118,
test145252,13214525218,
test145253,13214525318,
test145254,13214525418,
test145255,13214525518,
test145256,13214525618,
test145257,13214525718,
test145258,13214525818,
test145259,13214525918,
test145260,13214526018,
test145261,13214526118,
test145262,13214526218,
test145263,13214526318,
test145264,13214526418,
test145265,13214526518,
test145266,13214526618,
test145267,13214526718,
test145268,13214526818,
test145269,13214526918,
test145270,13214527018,
test145271,13214527118,
test145272,13214527218,
test145273,13214527318,
test145274,13214527418,
test145275,13214527518,
test145276,13214527618,
test145277,13214527718,
test145278,13214527818,
test145279,13214527918,
test145280,13214528018,
test145281,13214528118,
test145282,13214528218,
test145283,13214528318,
test145284,13214528418,
test145285,13214528518,
test145286,13214528618,
test145287,13214528718,
test145288,13214528818,
test145289,13214528918,
test145290,13214529018,
test145291,13214529118,
test145292,13214529218,
test145293,13214529318,
test145294,13214529418,
test145295,13214529518,
test145296,13214529618,
test145297,13214529718,
test145298,13214529818,
test145299,13214529918,
test146200,13214620018,
test146201,13214620118,
test146202,13214620218,
test146203,13214620318,
test146204,13214620418,
test146205,13214620518,
test146206,13214620618,
test146207,13214620718,
test146208,13214620818,
test146209,13214620918,
test146210,13214621018,
test146211,13214621118,
test146212,13214621218,
test146213,13214621318,
test146214,13214621418,
test146215,13214621518,
test146216,13214621618,
test146217,13214621718,
test146218,13214621818,
test146219,13214621918,
test146220,13214622018,
test146221,13214622118,
test146222,13214622218,
test146223,13214622318,
test146224,13214622418,
test146225,13214622518,
test146226,13214622618,
test146227,13214622718,
test146228,13214622818,
test146229,13214622918,
test146230,13214623018,
test146231,13214623118,
test146232,13214623218,
test146233,13214623318,
test146234,13214623418,
test146235,13214623518,
test146236,13214623618,
test146237,13214623718,
test146238,13214623818,
test146239,13214623918,
test146240,13214624018,
test146241,13214624118,
test146242,13214624218,
test146243,13214624318,
test146244,13214624418,
test146245,13214624518,
test146246,13214624618,
test146247,13214624718,
test146248,13214624818,
test146249,13214624918,
test146250,13214625018,
test146251,13214625118,
test146252,13214625218,
test146253,13214625318,
test146254,13214625418,
test146255,13214625518,
test146256,13214625618,
test146257,13214625718,
test146258,13214625818,
test146259,13214625918,
test146260,13214626018,
test146261,13214626118,
test146262,13214626218,
test146263,13214626318,
test146264,13214626418,
test146265,13214626518,
test146266,13214626618,
test146267,13214626718,
test146268,13214626818,
test146269,13214626918,
test146270,13214627018,
test146271,13214627118,
test146272,13214627218,
test146273,13214627318,
test146274,13214627418,
test146275,13214627518,
test146276,13214627618,
test146277,13214627718,
test146278,13214627818,
test146279,13214627918,
test146280,13214628018,
test146281,13214628118,
test146282,13214628218,
test146283,13214628318,
test146284,13214628418,
test146285,13214628518,
test146286,13214628618,
test146287,13214628718,
test146288,13214628818,
test146289,13214628918,
test146290,13214629018,
test146291,13214629118,
test146292,13214629218,
test146293,13214629318,
test146294,13214629418,
test146295,13214629518,
test146296,13214629618,
test146297,13214629718,
test146298,13214629818,
test146299,13214629918,
test245200,13224520018,
test245201,13224520118,
test245202,13224520218,
test245203,13224520318,
test245204,13224520418,
test245205,13224520518,
test245206,13224520618,
test245207,13224520718,
test245208,13224520818,
test245209,13224520918,
test245210,13224521018,
test245211,13224521118,
test245212,13224521218,
test245213,13224521318,
test245214,13224521418,
test245215,13224521518,
test245216,13224521618,
test245217,13224521718,
test245218,13224521818,
test245219,13224521918,
test245220,13224522018,
test245221,13224522118,
test245222,13224522218,
test245223,13224522318,
test245224,13224522418,
test245225,13224522518,
test245226,13224522618,
test245227,13224522718,
test245228,13224522818,
test245229,13224522918,
test245230,13224523018,
test245231,13224523118,
test245232,13224523218,
test245233,13224523318,
test245234,13224523418,
test245235,13224523518,
test245236,13224523618,
test245237,13224523718,
test245238,13224523818,
test245239,13224523918,
test245240,13224524018,
test245241,13224524118,
test245242,13224524218,
test245243,13224524318,
test245244,13224524418,
test245245,13224524518,
test245246,13224524618,
test245247,13224524718,
test245248,13224524818,
test245249,13224524918,
test245250,13224525018,
test245251,13224525118,
test245252,13224525218,
test245253,13224525318,
test245254,13224525418,
test245255,13224525518,
test245256,13224525618,
test245257,13224525718,
test245258,13224525818,
test245259,13224525918,
test245260,13224526018,
test245261,13224526118,
test245262,13224526218,
test245263,13224526318,
test245264,13224526418,
test245265,13224526518,
test245266,13224526618,
test245267,13224526718,
test245268,13224526818,
test245269,13224526918,
test245270,13224527018,
test245271,13224527118,
test245272,13224527218,
test245273,13224527318,
test245274,13224527418,
test245275,13224527518,
test245276,13224527618,
test245277,13224527718,
test245278,13224527818,
test245279,13224527918,
test245280,13224528018,
test245281,13224528118,
test245282,13224528218,
test245283,13224528318,
test245284,13224528418,
test245285,13224528518,
test245286,13224528618,
test245287,13224528718,
test245288,13224528818,
test245289,13224528918,
test245290,13224529018,
test245291,13224529118,
test245292,13224529218,
test245293,13224529318,
test245294,13224529418,
test245295,13224529518,
test245296,13224529618,
test245297,13224529718,
test245298,13224529818,
test245299,13224529918,
test246200,13224620018,
test246201,13224620118,
test246202,13224620218,
test246203,13224620318,
test246204,13224620418,
test246205,13224620518,
test246206,13224620618,
test246207,13224620718,
test246208,13224620818,
test246209,13224620918,
test246210,13224621018,
test246211,13224621118,
test246212,13224621218,
test246213,13224621318,
test246214,13224621418,
test246215,13224621518,
test246216,13224621618,
test246217,13224621718,
test246218,13224621818,
test246219,13224621918,
test246220,13224622018,
test246221,13224622118,
test246222,13224622218,
test246223,13224622318,
test246224,13224622418,
test246225,13224622518,
test246226,13224622618,
test246227,13224622718,
test246228,13224622818,
test246229,13224622918,
test246230,13224623018,
test246231,13224623118,
test246232,13224623218,
test246233,13224623318,
test246234,13224623418,
test246235,13224623518,
test246236,13224623618,
test246237,13224623718,
test246238,13224623818,
test246239,13224623918,
test246240,13224624018,
test246241,13224624118,
test246242,13224624218,
test246243,13224624318,
test246244,13224624418,
test246245,13224624518,
test246246,13224624618,
test246247,13224624718,
test246248,13224624818,
test246249,13224624918,
test246250,13224625018,
test246251,13224625118,
test246252,13224625218,
test246253,13224625318,
test246254,13224625418,
test246255,13224625518,
test246256,13224625618,
test246257,13224625718,
test246258,13224625818,
test246259,13224625918,
test246260,13224626018,
test246261,13224626118,
test246262,13224626218,
test246263,13224626318,
test246264,13224626418,
test246265,13224626518,
test246266,13224626618,
test246267,13224626718,
test246268,13224626818,
test246269,13224626918,
test246270,13224627018,
test246271,13224627118,
test246272,13224627218,
test246273,13224627318,
test246274,13224627418,
test246275,13224627518,
test246276,13224627618,
test246277,13224627718,
test246278,13224627818,
test246279,13224627918,
test246280,13224628018,
test246281,13224628118,
test246282,13224628218,
test246283,13224628318,
test246284,13224628418,
test246285,13224628518,
test246286,13224628618,
test246287,13224628718,
test246288,13224628818,
test246289,13224628918,
test246290,13224629018,
test246291,13224629118,
test246292,13224629218,
test246293,13224629318,
test246294,13224629418,
test246295,13224629518,
test246296,13224629618,
test246297,13224629718,
test246298,13224629818,
test246299,13224629918,
test345200,13234520018,
test345201,13234520118,
test345202,13234520218,
test345203,13234520318,
test345204,13234520418,
test345205,13234520518,
test345206,13234520618,
test345207,13234520718,
test345208,13234520818,
test345209,13234520918,
test345210,13234521018,
test345211,13234521118,
test345212,13234521218,
test345213,13234521318,
test345214,13234521418,
test345215,13234521518,
test345216,13234521618,
test345217,13234521718,
test345218,13234521818,
test345219,13234521918,
test345220,13234522018,
test345221,13234522118,
test345222,13234522218,
test345223,13234522318,
test345224,13234522418,
test345225,13234522518,
test345226,13234522618,
test345227,13234522718,
test345228,13234522818,
test345229,13234522918,
test345230,13234523018,
test345231,13234523118,
test345232,13234523218,
test345233,13234523318,
test345234,13234523418,
test345235,13234523518,
test345236,13234523618,
test345237,13234523718,
test345238,13234523818,
test345239,13234523918,
test345240,13234524018,
test345241,13234524118,
test345242,13234524218,
test345243,13234524318,
test345244,13234524418,
test345245,13234524518,
test345246,13234524618,
test345247,13234524718,
test345248,13234524818,
test345249,13234524918,
test345250,13234525018,
test345251,13234525118,
test345252,13234525218,
test345253,13234525318,
test345254,13234525418,
test345255,13234525518,
test345256,13234525618,
test345257,13234525718,
test345258,13234525818,
test345259,13234525918,
test345260,13234526018,
test345261,13234526118,
test345262,13234526218,
test345263,13234526318,
test345264,13234526418,
test345265,13234526518,
test345266,13234526618,
test345267,13234526718,
test345268,13234526818,
test345269,13234526918,
test345270,13234527018,
test345271,13234527118,
test345272,13234527218,
test345273,13234527318,
test345274,13234527418,
test345275,13234527518,
test345276,13234527618,
test345277,13234527718,
test345278,13234527818,
test345279,13234527918,
test345280,13234528018,
test345281,13234528118,
test345282,13234528218,
test345283,13234528318,
test345284,13234528418,
test345285,13234528518,
test345286,13234528618,
test345287,13234528718,
test345288,13234528818,
test345289,13234528918,
test345290,13234529018,
test345291,13234529118,
test345292,13234529218,
test345293,13234529318,
test345294,13234529418,
test345295,13234529518,
test345296,13234529618,
test345297,13234529718,
test345298,13234529818,
test345299,13234529918,
test346000,13234600018,
test346001,13234600118,
test346002,13234600218,
test346003,13234600318,
test346004,13234600418,
test346005,13234600518,
test346006,13234600618,
test346007,13234600718,
test346008,13234600818,
test346009,13234600918,
test346010,13234601018,
test346011,13234601118,
test346012,13234601218,
test346013,13234601318,
test346014,13234601418,
test346015,13234601518,
test346016,13234601618,
test346017,13234601718,
test346018,13234601818,
test346019,13234601918,
test346020,13234602018,
test346021,13234602118,
test346022,13234602218,
test346023,13234602318,
test346024,13234602418,
test346025,13234602518,
test346026,13234602618,
test346027,13234602718,
test346028,13234602818,
test346029,13234602918,
test346030,13234603018,
test346031,13234603118,
test346032,13234603218,
test346033,13234603318,
test346034,13234603418,
test346035,13234603518,
test346036,13234603618,
test346037,13234603718,
test346038,13234603818,
test346039,13234603918,
test346040,13234604018,
test346041,13234604118,
test346042,13234604218,
test346043,13234604318,
test346044,13234604418,
test346045,13234604518,
test346046,13234604618,
test346047,13234604718,
test346048,13234604818,
test346049,13234604918,
test346050,13234605018,
test346051,13234605118,
test346052,13234605218,
test346053,13234605318,
test346054,13234605418,
test346055,13234605518,
test346056,13234605618,
test346057,13234605718,
test346058,13234605818,
test346059,13234605918,
test346060,13234606018,
test346061,13234606118,
test346062,13234606218,
test346063,13234606318,
test346064,13234606418,
test346065,13234606518,
test346066,13234606618,
test346067,13234606718,
test346068,13234606818,
test346069,13234606918,
test346070,13234607018,
test346071,13234607118,
test346072,13234607218,
test346073,13234607318,
test346074,13234607418,
test346075,13234607518,
test346076,13234607618,
test346077,13234607718,
test346078,13234607818,
test346079,13234607918,
test346080,13234608018,
test346081,13234608118,
test346082,13234608218,
test346083,13234608318,
test346084,13234608418,
test346085,13234608518,
test346086,13234608618,
test346087,13234608718,
test346088,13234608818,
test346089,13234608918,
test346090,13234609018,
test346091,13234609118,
test346092,13234609218,
test346093,13234609318,
test346094,13234609418,
test346095,13234609518,
test346096,13234609618,
test346097,13234609718,
test346098,13234609818,
test346099,13234609918,
test346100,13234610018,
test346101,13234610118,
test346102,13234610218,
test346103,13234610318,
test346104,13234610418,
test346105,13234610518,
test346106,13234610618,
test346107,13234610718,
test346108,13234610818,
test346109,13234610918,
test346110,13234611018,
test346111,13234611118,
test346112,13234611218,
test346113,13234611318,
test346114,13234611418,
test346115,13234611518,
test346116,13234611618,
test346117,13234611718,
test346118,13234611818,
test346119,13234611918,
test346120,13234612018,
test346121,13234612118,
test346122,13234612218,
test346123,13234612318,
test346124,13234612418,
test346125,13234612518,
test346126,13234612618,
test346127,13234612718,
test346128,13234612818,
test346129,13234612918,
test346130,13234613018,
test346131,13234613118,
test346132,13234613218,
test346133,13234613318,
test346134,13234613418,
test346135,13234613518,
test346136,13234613618,
test346137,13234613718,
test346138,13234613818,
test346139,13234613918,
test346140,13234614018,
test346141,13234614118,
test346142,13234614218,
test346143,13234614318,
test346144,13234614418,
test346145,13234614518,
test346146,13234614618,
test346147,13234614718,
test346148,13234614818,
test346149,13234614918,
test346150,13234615018,
test346151,13234615118,
test346152,13234615218,
test346153,13234615318,
test346154,13234615418,
test346155,13234615518,
test346156,13234615618,
test346157,13234615718,
test346158,13234615818,
test346159,13234615918,
test346160,13234616018,
test346161,13234616118,
test346162,13234616218,
test346163,13234616318,
test346164,13234616418,
test346165,13234616518,
test346166,13234616618,
test346167,13234616718,
test346168,13234616818,
test346169,13234616918,
test346170,13234617018,
test346171,13234617118,
test346172,13234617218,
test346173,13234617318,
test346174,13234617418,
test346175,13234617518,
test346176,13234617618,
test346177,13234617718,
test346178,13234617818,
test346179,13234617918,
test346180,13234618018,
test346181,13234618118,
test346182,13234618218,
test346183,13234618318,
test346184,13234618418,
test346185,13234618518,
test346186,13234618618,
test346187,13234618718,
test346188,13234618818,
test346189,13234618918,
test346190,13234619018,
test346191,13234619118,
test346192,13234619218,
test346193,13234619318,
test346194,13234619418,
test346195,13234619518,
test346196,13234619618,
test346197,13234619718,
test346198,13234619818,
test346199,13234619918,
test346200,13234620018,
test346201,13234620118,
test346202,13234620218,
test346203,13234620318,
test346204,13234620418,
test346205,13234620518,
test346206,13234620618,
test346207,13234620718,
test346208,13234620818,
test346209,13234620918,
test346210,13234621018,
test346211,13234621118,
test346212,13234621218,
test346213,13234621318,
test346214,13234621418,
test346215,13234621518,
test346216,13234621618,
test346217,13234621718,
test346218,13234621818,
test346219,13234621918,
test346220,13234622018,
test346221,13234622118,
test346222,13234622218,
test346223,13234622318,
test346224,13234622418,
test346225,13234622518,
test346226,13234622618,
test346227,13234622718,
test346228,13234622818,
test346229,13234622918,
test346230,13234623018,
test346231,13234623118,
test346232,13234623218,
test346233,13234623318,
test346234,13234623418,
test346235,13234623518,
test346236,13234623618,
test346237,13234623718,
test346238,13234623818,
test346239,13234623918,
test346240,13234624018,
test346241,13234624118,
test346242,13234624218,
test346243,13234624318,
test346244,13234624418,
test346245,13234624518,
test346246,13234624618,
test346247,13234624718,
test346248,13234624818,
test346249,13234624918,
test346250,13234625018,
test346251,13234625118,
test346252,13234625218,
test346253,13234625318,
test346254,13234625418,
test346255,13234625518,
test346256,13234625618,
test346257,13234625718,
test346258,13234625818,
test346259,13234625918,
test346260,13234626018,
test346261,13234626118,
test346262,13234626218,
test346263,13234626318,
test346264,13234626418,
test346265,13234626518,
test346266,13234626618,
test346267,13234626718,
test346268,13234626818,
test346269,13234626918,
test346270,13234627018,
test346271,13234627118,
test346272,13234627218,
test346273,13234627318,
test346274,13234627418,
test346275,13234627518,
test346276,13234627618,
test346277,13234627718,
test346278,13234627818,
test346279,13234627918,
test346280,13234628018,
test346281,13234628118,
test346282,13234628218,
test346283,13234628318,
test346284,13234628418,
test346285,13234628518,
test346286,13234628618,
test346287,13234628718,
test346288,13234628818,
test346289,13234628918,
test346290,13234629018,
test346291,13234629118,
test346292,13234629218,
test346293,13234629318,
test346294,13234629418,
test346295,13234629518,
test346296,13234629618,
test346297,13234629718,
test346298,13234629818,
test346299,13234629918,
test346300,13234630018,
test346301,13234630118,
test346302,13234630218,
test346303,13234630318,
test346304,13234630418,
test346305,13234630518,
test346306,13234630618,
test346307,13234630718,
test346308,13234630818,
test346309,13234630918,
test346310,13234631018,
test346311,13234631118,
test346312,13234631218,
test346313,13234631318,
test346314,13234631418,
test346315,13234631518,
test346316,13234631618,
test346317,13234631718,
test346318,13234631818,
test346319,13234631918,
test346320,13234632018,
test346321,13234632118,
test346322,13234632218,
test346323,13234632318,
test346324,13234632418,
test346325,13234632518,
test346326,13234632618,
test346327,13234632718,
test346328,13234632818,
test346329,13234632918,
test346330,13234633018,
test346331,13234633118,
test346332,13234633218,
test346333,13234633318,
test346334,13234633418,
test346335,13234633518,
test346336,13234633618,
test346337,13234633718,
test346338,13234633818,
test346339,13234633918,
test346340,13234634018,
test346341,13234634118,
test346342,13234634218,
test346343,13234634318,
test346344,13234634418,
test346345,13234634518,
test346346,13234634618,
test346347,13234634718,
test346348,13234634818,
test346349,13234634918,
test346350,13234635018,
test346351,13234635118,
test346352,13234635218,
test346353,13234635318,
test346354,13234635418,
test346355,13234635518,
test346356,13234635618,
test346357,13234635718,
test346358,13234635818,
test346359,13234635918,
test346360,13234636018,
test346361,13234636118,
test346362,13234636218,
test346363,13234636318,
test346364,13234636418,
test346365,13234636518,
test346366,13234636618,
test346367,13234636718,
test346368,13234636818,
test346369,13234636918,
test346370,13234637018,
test346371,13234637118,
test346372,13234637218,
test346373,13234637318,
test346374,13234637418,
test346375,13234637518,
test346376,13234637618,
test346377,13234637718,
test346378,13234637818,
test346379,13234637918,
test346380,13234638018,
test346381,13234638118,
test346382,13234638218,
test346383,13234638318,
test346384,13234638418,
test346385,13234638518,
test346386,13234638618,
test346387,13234638718,
test346388,13234638818,
test346389,13234638918,
test346390,13234639018,
test346391,13234639118,
test346392,13234639218,
test346393,13234639318,
test346394,13234639418,
test346395,13234639518,
test346396,13234639618,
test346397,13234639718,
test346398,13234639818,
test346399,13234639918,
test346400,13234640018,
test346401,13234640118,
test346402,13234640218,
test346403,13234640318,
test346404,13234640418,
test346405,13234640518,
test346406,13234640618,
test346407,13234640718,
test346408,13234640818,
test346409,13234640918,
test346410,13234641018,
test346411,13234641118,
test346412,13234641218,
test346413,13234641318,
test346414,13234641418,
test346415,13234641518,
test346416,13234641618,
test346417,13234641718,
test346418,13234641818,
test346419,13234641918,
test346420,13234642018,
test346421,13234642118,
test346422,13234642218,
test346423,13234642318,
test346424,13234642418,
test346425,13234642518,
test346426,13234642618,
test346427,13234642718,
test346428,13234642818,
test346429,13234642918,
test346430,13234643018,
test346431,13234643118,
test346432,13234643218,
test346433,13234643318,
test346434,13234643418,
test346435,13234643518,
test346436,13234643618,
test346437,13234643718,
test346438,13234643818,
test346439,13234643918,
test346440,13234644018,
test346441,13234644118,
test346442,13234644218,
test346443,13234644318,
test346444,13234644418,
test346445,13234644518,
test346446,13234644618,
test346447,13234644718,
test346448,13234644818,
test346449,13234644918,
test346450,13234645018,
test346451,13234645118,
test346452,13234645218,
test346453,13234645318,
test346454,13234645418,
test346455,13234645518,
test346456,13234645618,
test346457,13234645718,
test346458,13234645818,
test346459,13234645918,
test346460,13234646018,
test346461,13234646118,
test346462,13234646218,
test346463,13234646318,
test346464,13234646418,
test346465,13234646518,
test346466,13234646618,
test346467,13234646718,
test346468,13234646818,
test346469,13234646918,
test346470,13234647018,
test346471,13234647118,
test346472,13234647218,
test346473,13234647318,
test346474,13234647418,
test346475,13234647518,
test346476,13234647618,
test346477,13234647718,
test346478,13234647818,
test346479,13234647918,
test346480,13234648018,
test346481,13234648118,
test346482,13234648218,
test346483,13234648318,
test346484,13234648418,
test346485,13234648518,
test346486,13234648618,
test346487,13234648718,
test346488,13234648818,
test346489,13234648918,
test346490,13234649018,
test346491,13234649118,
test346492,13234649218,
test346493,13234649318,
test346494,13234649418,
test346495,13234649518,
test346496,13234649618,
test346497,13234649718,
test346498,13234649818,
test346499,13234649918,
test349300,13234930018,
test349301,13234930118,
test349302,13234930218,
test349303,13234930318,
test349304,13234930418,
test349305,13234930518,
test349306,13234930618,
test349307,13234930718,
test349308,13234930818,
test349309,13234930918,
test349310,13234931018,
test349311,13234931118,
test349312,13234931218,
test349313,13234931318,
test349314,13234931418,
test349315,13234931518,
test349316,13234931618,
test349317,13234931718,
test349318,13234931818,
test349319,13234931918,
test349320,13234932018,
test349321,13234932118,
test349322,13234932218,
test349323,13234932318,
test349324,13234932418,
test349325,13234932518,
test349326,13234932618,
test349327,13234932718,
test349328,13234932818,
test349329,13234932918,
test349330,13234933018,
test349331,13234933118,
test349332,13234933218,
test349333,13234933318,
test349334,13234933418,
test349335,13234933518,
test349336,13234933618,
test349337,13234933718,
test349338,13234933818,
test349339,13234933918,
test349340,13234934018,
test349341,13234934118,
test349342,13234934218,
test349343,13234934318,
test349344,13234934418,
test349345,13234934518,
test349346,13234934618,
test349347,13234934718,
test349348,13234934818,
test349349,13234934918,
test349350,13234935018,
test349351,13234935118,
test349352,13234935218,
test349353,13234935318,
test349354,13234935418,
test349355,13234935518,
test349356,13234935618,
test349357,13234935718,
test349358,13234935818,
test349359,13234935918,
test349360,13234936018,
test349361,13234936118,
test349362,13234936218,
test349363,13234936318,
test349364,13234936418,
test349365,13234936518,
test349366,13234936618,
test349367,13234936718,
test349368,13234936818,
test349369,13234936918,
test349370,13234937018,
test349371,13234937118,
test349372,13234937218,
test349373,13234937318,
test349374,13234937418,
test349375,13234937518,
test349376,13234937618,
test349377,13234937718,
test349378,13234937818,
test349379,13234937918,
test349380,13234938018,
test349381,13234938118,
test349382,13234938218,
test349383,13234938318,
test349384,13234938418,
test349385,13234938518,
test349386,13234938618,
test349387,13234938718,
test349388,13234938818,
test349389,13234938918,
test349390,13234939018,
test349391,13234939118,
test349392,13234939218,
test349393,13234939318,
test349394,13234939418,
test349395,13234939518,
test349396,13234939618,
test349397,13234939718,
test349398,13234939818,
test349399,13234939918,
test349400,13234940018,
test349401,13234940118,
test349402,13234940218,
test349403,13234940318,
test349404,13234940418,
test349405,13234940518,
test349406,13234940618,
test349407,13234940718,
test349408,13234940818,
test349409,13234940918,
test349410,13234941018,
test349411,13234941118,
test349412,13234941218,
test349413,13234941318,
test349414,13234941418,
test349415,13234941518,
test349416,13234941618,
test349417,13234941718,
test349418,13234941818,
test349419,13234941918,
test349420,13234942018,
test349421,13234942118,
test349422,13234942218,
test349423,13234942318,
test349424,13234942418,
test349425,13234942518,
test349426,13234942618,
test349427,13234942718,
test349428,13234942818,
test349429,13234942918,
test349430,13234943018,
test349431,13234943118,
test349432,13234943218,
test349433,13234943318,
test349434,13234943418,
test349435,13234943518,
test349436,13234943618,
test349437,13234943718,
test349438,13234943818,
test349439,13234943918,
test349440,13234944018,
test349441,13234944118,
test349442,13234944218,
test349443,13234944318,
test349444,13234944418,
test349445,13234944518,
test349446,13234944618,
test349447,13234944718,
test349448,13234944818,
test349449,13234944918,
test349450,13234945018,
test349451,13234945118,
test349452,13234945218,
test349453,13234945318,
test349454,13234945418,
test349455,13234945518,
test349456,13234945618,
test349457,13234945718,
test349458,13234945818,
test349459,13234945918,
test349460,13234946018,
test349461,13234946118,
test349462,13234946218,
test349463,13234946318,
test349464,13234946418,
test349465,13234946518,
test349466,13234946618,
test349467,13234946718,
test349468,13234946818,
test349469,13234946918,
test349470,13234947018,
test349471,13234947118,
test349472,13234947218,
test349473,13234947318,
test349474,13234947418,
test349475,13234947518,
test349476,13234947618,
test349477,13234947718,
test349478,13234947818,
test349479,13234947918,
test349480,13234948018,
test349481,13234948118,
test349482,13234948218,
test349483,13234948318,
test349484,13234948418,
test349485,13234948518,
test349486,13234948618,
test349487,13234948718,
test349488,13234948818,
test349489,13234948918,
test349490,13234949018,
test349491,13234949118,
test349492,13234949218,
test349493,13234949318,
test349494,13234949418,
test349495,13234949518,
test349496,13234949618,
test349497,13234949718,
test349498,13234949818,
test349499,13234949918,
test515200,13251520018,
test515201,13251520118,
test515202,13251520218,
test515203,13251520318,
test515204,13251520418,
test515205,13251520518,
test515206,13251520618,
test515207,13251520718,
test515208,13251520818,
test515209,13251520918,
test515210,13251521018,
test515211,13251521118,
test515212,13251521218,
test515213,13251521318,
test515214,13251521418,
test515215,13251521518,
test515216,13251521618,
test515217,13251521718,
test515218,13251521818,
test515219,13251521918,
test515220,13251522018,
test515221,13251522118,
test515222,13251522218,
test515223,13251522318,
test515224,13251522418,
test515225,13251522518,
test515226,13251522618,
test515227,13251522718,
test515228,13251522818,
test515229,13251522918,
test515230,13251523018,
test515231,13251523118,
test515232,13251523218,
test515233,13251523318,
test515234,13251523418,
test515235,13251523518,
test515236,13251523618,
test515237,13251523718,
test515238,13251523818,
test515239,13251523918,
test515240,13251524018,
test515241,13251524118,
test515242,13251524218,
test515243,13251524318,
test515244,13251524418,
test515245,13251524518,
test515246,13251524618,
test515247,13251524718,
test515248,13251524818,
test515249,13251524918,
test515250,13251525018,
test515251,13251525118,
test515252,13251525218,
test515253,13251525318,
test515254,13251525418,
test515255,13251525518,
test515256,13251525618,
test515257,13251525718,
test515258,13251525818,
test515259,13251525918,
test515260,13251526018,
test515261,13251526118,
test515262,13251526218,
test515263,13251526318,
test515264,13251526418,
test515265,13251526518,
test515266,13251526618,
test515267,13251526718,
test515268,13251526818,
test515269,13251526918,
test515270,13251527018,
test515271,13251527118,
test515272,13251527218,
test515273,13251527318,
test515274,13251527418,
test515275,13251527518,
test515276,13251527618,
test515277,13251527718,
test515278,13251527818,
test515279,13251527918,
test515280,13251528018,
test515281,13251528118,
test515282,13251528218,
test515283,13251528318,
test515284,13251528418,
test515285,13251528518,
test515286,13251528618,
test515287,13251528718,
test515288,13251528818,
test515289,13251528918,
test515290,13251529018,
test515291,13251529118,
test515292,13251529218,
test515293,13251529318,
test515294,13251529418,
test515295,13251529518,
test515296,13251529618,
test515297,13251529718,
test515298,13251529818,
test515299,13251529918,
test516200,13251620018,
test516201,13251620118,
test516202,13251620218,
test516203,13251620318,
test516204,13251620418,
test516205,13251620518,
test516206,13251620618,
test516207,13251620718,
test516208,13251620818,
test516209,13251620918,
test516210,13251621018,
test516211,13251621118,
test516212,13251621218,
test516213,13251621318,
test516214,13251621418,
test516215,13251621518,
test516216,13251621618,
test516217,13251621718,
test516218,13251621818,
test516219,13251621918,
test516220,13251622018,
test516221,13251622118,
test516222,13251622218,
test516223,13251622318,
test516224,13251622418,
test516225,13251622518,
test516226,13251622618,
test516227,13251622718,
test516228,13251622818,
test516229,13251622918,
test516230,13251623018,
test516231,13251623118,
test516232,13251623218,
test516233,13251623318,
test516234,13251623418,
test516235,13251623518,
test516236,13251623618,
test516237,13251623718,
test516238,13251623818,
test516239,13251623918,
test516240,13251624018,
test516241,13251624118,
test516242,13251624218,
test516243,13251624318,
test516244,13251624418,
test516245,13251624518,
test516246,13251624618,
test516247,13251624718,
test516248,13251624818,
test516249,13251624918,
test516250,13251625018,
test516251,13251625118,
test516252,13251625218,
test516253,13251625318,
test516254,13251625418,
test516255,13251625518,
test516256,13251625618,
test516257,13251625718,
test516258,13251625818,
test516259,13251625918,
test516260,13251626018,
test516261,13251626118,
test516262,13251626218,
test516263,13251626318,
test516264,13251626418,
test516265,13251626518,
test516266,13251626618,
test516267,13251626718,
test516268,13251626818,
test516269,13251626918,
test516270,13251627018,
test516271,13251627118,
test516272,13251627218,
test516273,13251627318,
test516274,13251627418,
test516275,13251627518,
test516276,13251627618,
test516277,13251627718,
test516278,13251627818,
test516279,13251627918,
test516280,13251628018,
test516281,13251628118,
test516282,13251628218,
test516283,13251628318,
test516284,13251628418,
test516285,13251628518,
test516286,13251628618,
test516287,13251628718,
test516288,13251628818,
test516289,13251628918,
test516290,13251629018,
test516291,13251629118,
test516292,13251629218,
test516293,13251629318,
test516294,13251629418,
test516295,13251629518,
test516296,13251629618,
test516297,13251629718,
test516298,13251629818,
test516299,13251629918,
test586800,13258680018,
test586801,13258680118,
test586802,13258680218,
test586803,13258680318,
test586804,13258680418,
test586805,13258680518,
test586806,13258680618,
test586807,13258680718,
test586808,13258680818,
test586809,13258680918,
test586810,13258681018,
test586811,13258681118,
test586812,13258681218,
test586813,13258681318,
test586814,13258681418,
test586815,13258681518,
test586816,13258681618,
test586817,13258681718,
test586818,13258681818,
test586819,13258681918,
test586820,13258682018,
test586821,13258682118,
test586822,13258682218,
test586823,13258682318,
test586824,13258682418,
test586825,13258682518,
test586826,13258682618,
test586827,13258682718,
test586828,13258682818,
test586829,13258682918,
test586830,13258683018,
test586831,13258683118,
test586832,13258683218,
test586833,13258683318,
test586834,13258683418,
test586835,13258683518,
test586836,13258683618,
test586837,13258683718,
test586838,13258683818,
test586839,13258683918,
test586840,13258684018,
test586841,13258684118,
test586842,13258684218,
test586843,13258684318,
test586844,13258684418,
test586845,13258684518,
test586846,13258684618,
test586847,13258684718,
test586848,13258684818,
test586849,13258684918,
test586850,13258685018,
test586851,13258685118,
test586852,13258685218,
test586853,13258685318,
test586854,13258685418,
test586855,13258685518,
test586856,13258685618,
test586857,13258685718,
test586858,13258685818,
test586859,13258685918,
test586860,13258686018,
test586861,13258686118,
test586862,13258686218,
test586863,13258686318,
test586864,13258686418,
test586865,13258686518,
test586866,13258686618,
test586867,13258686718,
test586868,13258686818,
test586869,13258686918,
test586870,13258687018,
test586871,13258687118,
test586872,13258687218,
test586873,13258687318,
test586874,13258687418,
test586875,13258687518,
test586876,13258687618,
test586877,13258687718,
test586878,13258687818,
test586879,13258687918,
test586880,13258688018,
test586881,13258688118,
test586882,13258688218,
test586883,13258688318,
test586884,13258688418,
test586885,13258688518,
test586886,13258688618,
test586887,13258688718,
test586888,13258688818,
test586889,13258688918,
test586890,13258689018,
test586891,13258689118,
test586892,13258689218,
test586893,13258689318,
test586894,13258689418,
test586895,13258689518,
test586896,13258689618,
test586897,13258689718,
test586898,13258689818,
test586899,13258689918,
test586900,13258690018,
test586901,13258690118,
test586902,13258690218,
test586903,13258690318,
test586904,13258690418,
test586905,13258690518,
test586906,13258690618,
test586907,13258690718,
test586908,13258690818,
test586909,13258690918,
test586910,13258691018,
test586911,13258691118,
test586912,13258691218,
test586913,13258691318,
test586914,13258691418,
test586915,13258691518,
test586916,13258691618,
test586917,13258691718,
test586918,13258691818,
test586919,13258691918,
test586920,13258692018,
test586921,13258692118,
test586922,13258692218,
test586923,13258692318,
test586924,13258692418,
test586925,13258692518,
test586926,13258692618,
test586927,13258692718,
test586928,13258692818,
test586929,13258692918,
test586930,13258693018,
test586931,13258693118,
test586932,13258693218,
test586933,13258693318,
test586934,13258693418,
test586935,13258693518,
test586936,13258693618,
test586937,13258693718,
test586938,13258693818,
test586939,13258693918,
test586940,13258694018,
test586941,13258694118,
test586942,13258694218,
test586943,13258694318,
test586944,13258694418,
test586945,13258694518,
test586946,13258694618,
test586947,13258694718,
test586948,13258694818,
test586949,13258694918,
test586950,13258695018,
test586951,13258695118,
test586952,13258695218,
test586953,13258695318,
test586954,13258695418,
test586955,13258695518,
test586956,13258695618,
test586957,13258695718,
test586958,13258695818,
test586959,13258695918,
test586960,13258696018,
test586961,13258696118,
test586962,13258696218,
test586963,13258696318,
test586964,13258696418,
test586965,13258696518,
test586966,13258696618,
test586967,13258696718,
test586968,13258696818,
test586969,13258696918,
test586970,13258697018,
test586971,13258697118,
test586972,13258697218,
test586973,13258697318,
test586974,13258697418,
test586975,13258697518,
test586976,13258697618,
test586977,13258697718,
test586978,13258697818,
test586979,13258697918,
test586980,13258698018,
test586981,13258698118,
test586982,13258698218,
test586983,13258698318,
test586984,13258698418,
test586985,13258698518,
test586986,13258698618,
test586987,13258698718,
test586988,13258698818,
test586989,13258698918,
test586990,13258699018,
test586991,13258699118,
test586992,13258699218,
test586993,13258699318,
test586994,13258699418,
test586995,13258699518,
test586996,13258699618,
test586997,13258699718,
test586998,13258699818,
test586999,13258699918,
test635200,13263520018,
test635201,13263520118,
test635202,13263520218,
test635203,13263520318,
test635204,13263520418,
test635205,13263520518,
test635206,13263520618,
test635207,13263520718,
test635208,13263520818,
test635209,13263520918,
test635210,13263521018,
test635211,13263521118,
test635212,13263521218,
test635213,13263521318,
test635214,13263521418,
test635215,13263521518,
test635216,13263521618,
test635217,13263521718,
test635218,13263521818,
test635219,13263521918,
test635220,13263522018,
test635221,13263522118,
test635222,13263522218,
test635223,13263522318,
test635224,13263522418,
test635225,13263522518,
test635226,13263522618,
test635227,13263522718,
test635228,13263522818,
test635229,13263522918,
test635230,13263523018,
test635231,13263523118,
test635232,13263523218,
test635233,13263523318,
test635234,13263523418,
test635235,13263523518,
test635236,13263523618,
test635237,13263523718,
test635238,13263523818,
test635239,13263523918,
test635240,13263524018,
test635241,13263524118,
test635242,13263524218,
test635243,13263524318,
test635244,13263524418,
test635245,13263524518,
test635246,13263524618,
test635247,13263524718,
test635248,13263524818,
test635249,13263524918,
test635250,13263525018,
test635251,13263525118,
test635252,13263525218,
test635253,13263525318,
test635254,13263525418,
test635255,13263525518,
test635256,13263525618,
test635257,13263525718,
test635258,13263525818,
test635259,13263525918,
test635260,13263526018,
test635261,13263526118,
test635262,13263526218,
test635263,13263526318,
test635264,13263526418,
test635265,13263526518,
test635266,13263526618,
test635267,13263526718,
test635268,13263526818,
test635269,13263526918,
test635270,13263527018,
test635271,13263527118,
test635272,13263527218,
test635273,13263527318,
test635274,13263527418,
test635275,13263527518,
test635276,13263527618,
test635277,13263527718,
test635278,13263527818,
test635279,13263527918,
test635280,13263528018,
test635281,13263528118,
test635282,13263528218,
test635283,13263528318,
test635284,13263528418,
test635285,13263528518,
test635286,13263528618,
test635287,13263528718,
test635288,13263528818,
test635289,13263528918,
test635290,13263529018,
test635291,13263529118,
test635292,13263529218,
test635293,13263529318,
test635294,13263529418,
test635295,13263529518,
test635296,13263529618,
test635297,13263529718,
test635298,13263529818,
test635299,13263529918,
test745200,13274520018,
test745201,13274520118,
test745202,13274520218,
test745203,13274520318,
test745204,13274520418,
test745205,13274520518,
test745206,13274520618,
test745207,13274520718,
test745208,13274520818,
test745209,13274520918,
test745210,13274521018,
test745211,13274521118,
test745212,13274521218,
test745213,13274521318,
test745214,13274521418,
test745215,13274521518,
test745216,13274521618,
test745217,13274521718,
test745218,13274521818,
test745219,13274521918,
test745220,13274522018,
test745221,13274522118,
test745222,13274522218,
test745223,13274522318,
test745224,13274522418,
test745225,13274522518,
test745226,13274522618,
test745227,13274522718,
test745228,13274522818,
test745229,13274522918,
test745230,13274523018,
test745231,13274523118,
test745232,13274523218,
test745233,13274523318,
test745234,13274523418,
test745235,13274523518,
test745236,13274523618,
test745237,13274523718,
test745238,13274523818,
test745239,13274523918,
test745240,13274524018,
test745241,13274524118,
test745242,13274524218,
test745243,13274524318,
test745244,13274524418,
test745245,13274524518,
test745246,13274524618,
test745247,13274524718,
test745248,13274524818,
test745249,13274524918,
test745250,13274525018,
test745251,13274525118,
test745252,13274525218,
test745253,13274525318,
test745254,13274525418,
test745255,13274525518,
test745256,13274525618,
test745257,13274525718,
test745258,13274525818,
test745259,13274525918,
test745260,13274526018,
test745261,13274526118,
test745262,13274526218,
test745263,13274526318,
test745264,13274526418,
test745265,13274526518,
test745266,13274526618,
test745267,13274526718,
test745268,13274526818,
test745269,13274526918,
test745270,13274527018,
test745271,13274527118,
test745272,13274527218,
test745273,13274527318,
test745274,13274527418,
test745275,13274527518,
test745276,13274527618,
test745277,13274527718,
test745278,13274527818,
test745279,13274527918,
test745280,13274528018,
test745281,13274528118,
test745282,13274528218,
test745283,13274528318,
test745284,13274528418,
test745285,13274528518,
test745286,13274528618,
test745287,13274528718,
test745288,13274528818,
test745289,13274528918,
test745290,13274529018,
test745291,13274529118,
test745292,13274529218,
test745293,13274529318,
test745294,13274529418,
test745295,13274529518,
test745296,13274529618,
test745297,13274529718,
test745298,13274529818,
test745299,13274529918,
test746600,13274660018,
test746601,13274660118,
test746602,13274660218,
test746603,13274660318,
test746604,13274660418,
test746605,13274660518,
test746606,13274660618,
test746607,13274660718,
test746608,13274660818,
test746609,13274660918,
test746610,13274661018,
test746611,13274661118,
test746612,13274661218,
test746613,13274661318,
test746614,13274661418,
test746615,13274661518,
test746616,13274661618,
test746617,13274661718,
test746618,13274661818,
test746619,13274661918,
test746620,13274662018,
test746621,13274662118,
test746622,13274662218,
test746623,13274662318,
test746624,13274662418,
test746625,13274662518,
test746626,13274662618,
test746627,13274662718,
test746628,13274662818,
test746629,13274662918,
test746630,13274663018,
test746631,13274663118,
test746632,13274663218,
test746633,13274663318,
test746634,13274663418,
test746635,13274663518,
test746636,13274663618,
test746637,13274663718,
test746638,13274663818,
test746639,13274663918,
test746640,13274664018,
test746641,13274664118,
test746642,13274664218,
test746643,13274664318,
test746644,13274664418,
test746645,13274664518,
test746646,13274664618,
test746647,13274664718,
test746648,13274664818,
test746649,13274664918,
test746650,13274665018,
test746651,13274665118,
test746652,13274665218,
test746653,13274665318,
test746654,13274665418,
test746655,13274665518,
test746656,13274665618,
test746657,13274665718,
test746658,13274665818,
test746659,13274665918,
test746660,13274666018,
test746661,13274666118,
test746662,13274666218,
test746663,13274666318,
test746664,13274666418,
test746665,13274666518,
test746666,13274666618,
test746667,13274666718,
test746668,13274666818,
test746669,13274666918,
test746670,13274667018,
test746671,13274667118,
test746672,13274667218,
test746673,13274667318,
test746674,13274667418,
test746675,13274667518,
test746676,13274667618,
test746677,13274667718,
test746678,13274667818,
test746679,13274667918,
test746680,13274668018,
test746681,13274668118,
test746682,13274668218,
test746683,13274668318,
test746684,13274668418,
test746685,13274668518,
test746686,13274668618,
test746687,13274668718,
test746688,13274668818,
test746689,13274668918,
test746690,13274669018,
test746691,13274669118,
test746692,13274669218,
test746693,13274669318,
test746694,13274669418,
test746695,13274669518,
test746696,13274669618,
test746697,13274669718,
test746698,13274669818,
test746699,13274669918,
test840200,13284020018,
test840201,13284020118,
test840202,13284020218,
test840203,13284020318,
test840204,13284020418,
test840205,13284020518,
test840206,13284020618,
test840207,13284020718,
test840208,13284020818,
test840209,13284020918,
test840210,13284021018,
test840211,13284021118,
test840212,13284021218,
test840213,13284021318,
test840214,13284021418,
test840215,13284021518,
test840216,13284021618,
test840217,13284021718,
test840218,13284021818,
test840219,13284021918,
test840220,13284022018,
test840221,13284022118,
test840222,13284022218,
test840223,13284022318,
test840224,13284022418,
test840225,13284022518,
test840226,13284022618,
test840227,13284022718,
test840228,13284022818,
test840229,13284022918,
test840230,13284023018,
test840231,13284023118,
test840232,13284023218,
test840233,13284023318,
test840234,13284023418,
test840235,13284023518,
test840236,13284023618,
test840237,13284023718,
test840238,13284023818,
test840239,13284023918,
test840240,13284024018,
test840241,13284024118,
test840242,13284024218,
test840243,13284024318,
test840244,13284024418,
test840245,13284024518,
test840246,13284024618,
test840247,13284024718,
test840248,13284024818,
test840249,13284024918,
test840250,13284025018,
test840251,13284025118,
test840252,13284025218,
test840253,13284025318,
test840254,13284025418,
test840255,13284025518,
test840256,13284025618,
test840257,13284025718,
test840258,13284025818,
test840259,13284025918,
test840260,13284026018,
test840261,13284026118,
test840262,13284026218,
test840263,13284026318,
test840264,13284026418,
test840265,13284026518,
test840266,13284026618,
test840267,13284026718,
test840268,13284026818,
test840269,13284026918,
test840270,13284027018,
test840271,13284027118,
test840272,13284027218,
test840273,13284027318,
test840274,13284027418,
test840275,13284027518,
test840276,13284027618,
test840277,13284027718,
test840278,13284027818,
test840279,13284027918,
test840280,13284028018,
test840281,13284028118,
test840282,13284028218,
test840283,13284028318,
test840284,13284028418,
test840285,13284028518,
test840286,13284028618,
test840287,13284028718,
test840288,13284028818,
test840289,13284028918,
test840290,13284029018,
test840291,13284029118,
test840292,13284029218,
test840293,13284029318,
test840294,13284029418,
test840295,13284029518,
test840296,13284029618,
test840297,13284029718,
test840298,13284029818,
test840299,13284029918,
test845200,13284520018,
test845201,13284520118,
test845202,13284520218,
test845203,13284520318,
test845204,13284520418,
test845205,13284520518,
test845206,13284520618,
test845207,13284520718,
test845208,13284520818,
test845209,13284520918,
test845210,13284521018,
test845211,13284521118,
test845212,13284521218,
test845213,13284521318,
test845214,13284521418,
test845215,13284521518,
test845216,13284521618,
test845217,13284521718,
test845218,13284521818,
test845219,13284521918,
test845220,13284522018,
test845221,13284522118,
test845222,13284522218,
test845223,13284522318,
test845224,13284522418,
test845225,13284522518,
test845226,13284522618,
test845227,13284522718,
test845228,13284522818,
test845229,13284522918,
test845230,13284523018,
test845231,13284523118,
test845232,13284523218,
test845233,13284523318,
test845234,13284523418,
test845235,13284523518,
test845236,13284523618,
test845237,13284523718,
test845238,13284523818,
test845239,13284523918,
test845240,13284524018,
test845241,13284524118,
test845242,13284524218,
test845243,13284524318,
test845244,13284524418,
test845245,13284524518,
test845246,13284524618,
test845247,13284524718,
test845248,13284524818,
test845249,13284524918,
test845250,13284525018,
test845251,13284525118,
test845252,13284525218,
test845253,13284525318,
test845254,13284525418,
test845255,13284525518,
test845256,13284525618,
test845257,13284525718,
test845258,13284525818,
test845259,13284525918,
test845260,13284526018,
test845261,13284526118,
test845262,13284526218,
test845263,13284526318,
test845264,13284526418,
test845265,13284526518,
test845266,13284526618,
test845267,13284526718,
test845268,13284526818,
test845269,13284526918,
test845270,13284527018,
test845271,13284527118,
test845272,13284527218,
test845273,13284527318,
test845274,13284527418,
test845275,13284527518,
test845276,13284527618,
test845277,13284527718,
test845278,13284527818,
test845279,13284527918,
test845280,13284528018,
test845281,13284528118,
test845282,13284528218,
test845283,13284528318,
test845284,13284528418,
test845285,13284528518,
test845286,13284528618,
test845287,13284528718,
test845288,13284528818,
test845289,13284528918,
test845290,13284529018,
test845291,13284529118,
test845292,13284529218,
test845293,13284529318,
test845294,13284529418,
test845295,13284529518,
test845296,13284529618,
test845297,13284529718,
test845298,13284529818,
test845299,13284529918,
test849800,13284980018,
test849801,13284980118,
test849802,13284980218,
test849803,13284980318,
test849804,13284980418,
test849805,13284980518,
test849806,13284980618,
test849807,13284980718,
test849808,13284980818,
test849809,13284980918,
test849810,13284981018,
test849811,13284981118,
test849812,13284981218,
test849813,13284981318,
test849814,13284981418,
test849815,13284981518,
test849816,13284981618,
test849817,13284981718,
test849818,13284981818,
test849819,13284981918,
test849820,13284982018,
test849821,13284982118,
test849822,13284982218,
test849823,13284982318,
test849824,13284982418,
test849825,13284982518,
test849826,13284982618,
test849827,13284982718,
test849828,13284982818,
test849829,13284982918,
test849830,13284983018,
test849831,13284983118,
test849832,13284983218,
test849833,13284983318,
test849834,13284983418,
test849835,13284983518,
test849836,13284983618,
test849837,13284983718,
test849838,13284983818,
test849839,13284983918,
test849840,13284984018,
test849841,13284984118,
test849842,13284984218,
test849843,13284984318,
test849844,13284984418,
test849845,13284984518,
test849846,13284984618,
test849847,13284984718,
test849848,13284984818,
test849849,13284984918,
test849850,13284985018,
test849851,13284985118,
test849852,13284985218,
test849853,13284985318,
test849854,13284985418,
test849855,13284985518,
test849856,13284985618,
test849857,13284985718,
test849858,13284985818,
test849859,13284985918,
test849860,13284986018,
test849861,13284986118,
test849862,13284986218,
test849863,13284986318,
test849864,13284986418,
test849865,13284986518,
test849866,13284986618,
test849867,13284986718,
test849868,13284986818,
test849869,13284986918,
test849870,13284987018,
test849871,13284987118,
test849872,13284987218,
test849873,13284987318,
test849874,13284987418,
test849875,13284987518,
test849876,13284987618,
test849877,13284987718,
test849878,13284987818,
test849879,13284987918,
test849880,13284988018,
test849881,13284988118,
test849882,13284988218,
test849883,13284988318,
test849884,13284988418,
test849885,13284988518,
test849886,13284988618,
test849887,13284988718,
test849888,13284988818,
test849889,13284988918,
test849890,13284989018,
test849891,13284989118,
test849892,13284989218,
test849893,13284989318,
test849894,13284989418,
test849895,13284989518,
test849896,13284989618,
test849897,13284989718,
test849898,13284989818,
test849899,13284989918,
test987100,13298710018,
test987101,13298710118,
test987102,13298710218,
test987103,13298710318,
test987104,13298710418,
test987105,13298710518,
test987106,13298710618,
test987107,13298710718,
test987108,13298710818,
test987109,13298710918,
test987110,13298711018,
test987111,13298711118,
test987112,13298711218,
test987113,13298711318,
test987114,13298711418,
test987115,13298711518,
test987116,13298711618,
test987117,13298711718,
test987118,13298711818,
test987119,13298711918,
test987120,13298712018,
test987121,13298712118,
test987122,13298712218,
test987123,13298712318,
test987124,13298712418,
test987125,13298712518,
test987126,13298712618,
test987127,13298712718,
test987128,13298712818,
test987129,13298712918,
test987130,13298713018,
test987131,13298713118,
test987132,13298713218,
test987133,13298713318,
test987134,13298713418,
test987135,13298713518,
test987136,13298713618,
test987137,13298713718,
test987138,13298713818,
test987139,13298713918,
test987140,13298714018,
test987141,13298714118,
test987142,13298714218,
test987143,13298714318,
test987144,13298714418,
test987145,13298714518,
test987146,13298714618,
test987147,13298714718,
test987148,13298714818,
test987149,13298714918,
test987150,13298715018,
test987151,13298715118,
test987152,13298715218,
test987153,13298715318,
test987154,13298715418,
test987155,13298715518,
test987156,13298715618,
test987157,13298715718,
test987158,13298715818,
test987159,13298715918,
test987160,13298716018,
test987161,13298716118,
test987162,13298716218,
test987163,13298716318,
test987164,13298716418,
test987165,13298716518,
test987166,13298716618,
test987167,13298716718,
test987168,13298716818,
test987169,13298716918,
test987170,13298717018,
test987171,13298717118,
test987172,13298717218,
test987173,13298717318,
test987174,13298717418,
test987175,13298717518,
test987176,13298717618,
test987177,13298717718,
test987178,13298717818,
test987179,13298717918,
test987180,13298718018,
test987181,13298718118,
test987182,13298718218,
test987183,13298718318,
test987184,13298718418,
test987185,13298718518,
test987186,13298718618,
test987187,13298718718,
test987188,13298718818,
test987189,13298718918,
test987190,13298719018,
test987191,13298719118,
test987192,13298719218,
test987193,13298719318,
test987194,13298719418,
test987195,13298719518,
test987196,13298719618,
test987197,13298719718,
test987198,13298719818,
test987199,13298719918,
test987200,13298720018,
test987201,13298720118,
test987202,13298720218,
test987203,13298720318,
test987204,13298720418,
test987205,13298720518,
test987206,13298720618,
test987207,13298720718,
test987208,13298720818,
test987209,13298720918,
test987210,13298721018,
test987211,13298721118,
test987212,13298721218,
test987213,13298721318,
test987214,13298721418,
test987215,13298721518,
test987216,13298721618,
test987217,13298721718,
test987218,13298721818,
test987219,13298721918,
test987220,13298722018,
test987221,13298722118,
test987222,13298722218,
test987223,13298722318,
test987224,13298722418,
test987225,13298722518,
test987226,13298722618,
test987227,13298722718,
test987228,13298722818,
test987229,13298722918,
test987230,13298723018,
test987231,13298723118,
test987232,13298723218,
test987233,13298723318,
test987234,13298723418,
test987235,13298723518,
test987236,13298723618,
test987237,13298723718,
test987238,13298723818,
test987239,13298723918,
test987240,13298724018,
test987241,13298724118,
test987242,13298724218,
test987243,13298724318,
test987244,13298724418,
test987245,13298724518,
test987246,13298724618,
test987247,13298724718,
test987248,13298724818,
test987249,13298724918,
test987250,13298725018,
test987251,13298725118,
test987252,13298725218,
test987253,13298725318,
test987254,13298725418,
test987255,13298725518,
test987256,13298725618,
test987257,13298725718,
test987258,13298725818,
test987259,13298725918,
test987260,13298726018,
test987261,13298726118,
test987262,13298726218,
test987263,13298726318,
test987264,13298726418,
test987265,13298726518,
test987266,13298726618,
test987267,13298726718,
test987268,13298726818,
test987269,13298726918,
test987270,13298727018,
test987271,13298727118,
test987272,13298727218,
test987273,13298727318,
test987274,13298727418,
test987275,13298727518,
test987276,13298727618,
test987277,13298727718,
test987278,13298727818,
test987279,13298727918,
test987280,13298728018,
test987281,13298728118,
test987282,13298728218,
test987283,13298728318,
test987284,13298728418,
test987285,13298728518,
test987286,13298728618,
test987287,13298728718,
test987288,13298728818,
test987289,13298728918,
test987290,13298729018,
test987291,13298729118,
test987292,13298729218,
test987293,13298729318,
test987294,13298729418,
test987295,13298729518,
test987296,13298729618,
test987297,13298729718,
test987298,13298729818,
test987299,13298729918